Sequence,Activity,Flag
EPQPKIIPFVGMYMGE,85.398,1
SATLYTKTHIGAYVGE,97.072,0
EPQLVVIPFKGSYYSE,88.435,1
QEYMKINPHKGMYIGP,98.803,0
SEDMKRVTNPPSEPSS,103.206,0
LEEIKYIYQPPSEPSS,98.332,0
QPYPIRIPFVGQYVGE,83.823,1
EDESKDVSYPPVMPGS,95.396,0
PDEIEKISHAPSYPAY,112.581,0
KDEITTKIYPPRKPSS,122.504,0
SAVWKINPFKGMFLGE,100.768,0
PDDIYIVFQQPSLPSS,109.191,0
PDDISTVPNPPSLPQS,92.658,1
TDEISTISLDEKEPGS,92.158,1
SPYLIINPFKGIYYGD,83.697,1
PEDVSVVYVPPSIPGD,113.29,0
PEDVHSIFILPQYPSS,93.019,1
ENEMKINPNPESIPAS,101.977,0
QPDLIMNAFKGYFIGE,82.243,1
SATMFIEVNKGYYISD,86.726,1
QPQLKAILGKGYSYSE,78.632,1
KPYYVIIPHKGMYVGE,78.675,1
PEDIKNLHQPTSLPSE,95.473,0
QPTIYYKFNKGSFYGE,86.016,1
QEEIKVIKQPDDEPGE,89.207,1
PDDARLIKIPSSLPSE,103.852,0
LSVMYVRKDEGYYFGS,110.138,0
QLYLEINPGKGMRMTE,182.097,0
PEDVSSIHNPPSIPGS,97.447,0
PDEIHHDYFLPSFPSY,95.494,0
EPQLKVKINKGMSWGE,83.011,1
QSTVKFEPWRGMSLGE,138.447,0
QEVPKFKAFVGSDWSE,92.591,1
EELLIVIPHKGSYQGE,95.986,0
DTIPKIVPWKGMDLGE,108.4,0
SEEVKIVSQWLDYPSE,93.007,1
EHEVSQIIFKLSYPGD,87.272,1
PDNVSQITQPSKVPSS,91.166,1
SDKLVINPFKGSYMSK,93.863,1
TSELYKVGQPSLIPGF,99.563,0
DQTLVIIPFVGMYIGD,84.617,1
GDEIYYENLPPVPPGE,83.908,1
PEDVSVIFFLPSQPSE,96.104,0
PDDIKRIFWYPSYPSS,101.595,0
KKYLYVYVNKGAYIGE,91.771,1
SDQWYYITNVGVELRS,109.088,0
IKTVFIIKDVGYFMGD,101.149,0
DVTLYVIPFVGMYIGE,99.33,0
SSEISEIHQPESEPSE,89.189,1
MKTMYIKAFVGFFISD,137.355,0
QSYLIIIPFVGEYWGE,74.46,1
SAKLVVYILKGAYIGE,92.859,1
DITWKYIPKVGWFLGD,76.76,1
PDEIKKLTDPPLVPAY,102.202,0
TLILEMIKDKGYRIYE,105.352,0
SEDLKRITIPSKYPSE,103.684,0
SSYLQTYTNKGAQYQE,83.603,1
LSLIKLIFNPPIVPAD,82.158,1
EEEIHYIKQPLTEPSE,92.034,1
PEDMQKIEYSQSKPSE,92.991,1
FDINYVKSFKGYEIRK,93.156,1
PDELKIIKIPDGEPGS,90.645,1
IDNARYLGNPEDQPGS,99.517,0
DEEVHKVHFLPSYPSY,91.02,1
PEEVKKIKQSSTVPSE,99.27,0
DEEIKYILDPPNKPAS,111.824,0
QKFVYIKAFIGSELRE,113.015,0
NQNVTQIPIAPSRPGD,84.623,1
EPQLIRNMFKGQYYGE,93.854,1
DEEMKLLFKSDQYPSE,107.799,0
SSRLIMYLNVGYYISE,124.373,0
KEVPKVLLGYGADFGE,121.02,0
EEEIRTWAYLPSLPGE,107.332,0
DKRLYINPFKGWYISD,106.016,0
LHELKKYFASESVPMS,102.554,0
MTLLYAKAYIGYYYGD,97.291,0
SSSLKTKAWKGQYVGE,91.884,1
ASEVKYIKQSSTEPSE,94.207,0
PDDVKYIKFPTSEPGE,92.344,1
ARQIKKVFIPQDVPEE,94.938,0
QPVLKINPFKGQYIGE,78.664,1
EHELKRIHNPESVPAS,87.786,1
MTRMFVKLFKSSYYSS,116.743,0
QKRLVVYVFKGYYIGD,109.254,0
KTVLKTQPNVGAEITD,88.065,1
LKATQEIHQPDSVPSD,92.614,1
PDDLSQKKNPPSQPGS,92.41,1
STTLIIYAWKGIRMGE,79.392,1
EERLKIIPFVGAFIGD,87.196,1
PDNVSQITNPDSPPGE,92.572,1
PDEIKKIFNLPSYKSD,86.643,1
PEDLKRLSNPDSEPGE,93.722,1
MKILYIKAFKGFYIGD,92.129,1
PEDIKNVYQLPSYPGS,91.109,1
QLYLKIIPHKGEFWGP,87.415,1
QDKFYYEINKGYYFTK,91.963,1
SEVLKIVPFKGQSVGE,76.254,1
MLNMRIKAFVGFSVGS,106.834,0
MQTLIVHPFVGFFIGD,77.801,1
SDDDKRIPIDESIPGD,96.946,0
PEEVKKIKQSIREPSS,104.11,0
DIVLIVITNRGQYWGP,103.39,0
NDDVHSVLDNQSVDAK,98.648,0
LDRLVIYPWKGYYFSK,83.276,1
PEDIKTVFQPPSKPSE,102.878,0
TKKIRIIWFPENVPAE,98.337,0
SLRLEFKAFKGYKVGD,105.614,0
KEDISNVYHDEDEPSE,91.556,1
LLLLKYITIPEEHPSY,104.118,0
DETLKIEFRKGAYFGE,87.084,1
SDKLEFIPFVGARLTK,85.979,1
SEDTQKLFNPPDVPSY,98.793,0
DPDFKIWINKGMFYGE,77.699,1
QEYLIIIPFKGMYYGY,92.466,1
LKAISEIHFPPSVPSD,93.973,0
SDEIHVIKQPEYEPSY,89.673,1
QTKMYIKAFVGYELRE,104.35,0
KNEESQRSNPELYPGS,87.615,1
SSEIRSVTNPQSEPSS,105.517,0
QLRLFYIKDKNSYMDS,89.042,1
QKILRIKWNKGAYIGD,83.549,1
DKLLFIIPGVGMFYGE,105.868,0
SDILFIEAWKGWYISK,107.553,0
PEDIHSVYQPDDVPAE,91.025,1
SEEIRSIQFSQRYPSE,87.407,1
AKIFVLKYNVGGYVTD,103.338,0
MKILYIYVYKGYEVGD,82.451,1
SDELSQVSHPTSEPSE,101.609,0
SAKVVLYPHKGMYIGE,96.315,0
LEEVQVLKMNHHLPSE,104.444,0
EPKLVKVPNRGQYWGY,90.558,1
DSEMEVIFQPDAKPSE,104.812,0
SEELKTYFFSESDPSE,87.049,1
REDVKRFSNPSEPPSE,101.104,0
SEDITRITNPESEPGD,97.071,0
PDDTKKLFNDAEHPSS,101.406,0
TDEIHEIRLLESYPSY,88.701,1
QPVLYLVPKVGFYYDS,101.697,0
PDDIHSLFQNDDVPAE,108.188,0
PDDIHSIPSSPSYPSY,92.21,1
SKVLKIKPFVGMFYGE,106.753,0
PKDVSQIKFLPSYPSE,94.637,0
SKRLFMKLNIGTYYSD,90.21,1
KTVLKMKLNIGYSFTD,93.868,1
TKICYMKLNISYYVGD,109.954,0
QKKLVVKAFQGYYWSD,90.159,1
PEDIKSIEFDVRKPGD,100.25,0
DSEIHYIPWAPVQPSY,100.627,0
PDDIKTIFQPSGEPSD,98.625,0
SSKLIILAFKGIYWGD,95.051,0
DHEIKTITFSDRKPSE,102.744,0
PEDIKTTFQPESEPSE,98.411,0
FSVAYLILNKGMYYSS,90.871,1
DILKYVIPFVGAHIGP,104.186,0
PEEIQKIKLLPSYPSE,96.852,0
PEEVHKIKQSESYPGS,88.68,1
PDDIHSIYQPDSIPSE,95.741,0
SKKLVIYAFKYTEVRE,88.89,1
SDEVELKHFPKNQPAS,97.933,0
MITQKAKAFLGSELTE,116.192,0
EVKFIFRTHEGYELHE,100.752,0
EKILYYKPWCGYYISD,116.562,0
ETKIYLYVNKGMELRE,82.053,1
STTIKIDPHKGMSIGE,78.019,1
PDDVSAMIFKESYPSE,97.74,0
PDETKKIKLPESEPSE,92.857,1
TTRLLLKWNKGSDWGP,103.939,0
SSTIKWELFKGYYEGE,93.41,1
LEDMKSITDSDRDKAD,96.824,0
PDNISYISNPSSTPSS,101.236,0
EKRWVIKPHYGMEIQD,84.57,1
SAELKIYPFKGYYVGE,74.014,1
PEDVKSIPNPDSQPSE,89.964,1
DDEVHYIIQLPSYPGE,97.114,0
QPQEIRYVNKGFEIRE,94.444,0
PDDMKTLSKPPKVPAY,90.12,1
PEEIKKIPVPPSYPSE,92.684,1
QQKVSKLLFYASDEFD,102.376,0
PDDIHHVYNPPSTPSY,87.795,1
EPKIYYKTNRGIEFGE,120.125,0
ETRLYMNPFKGWYIGE,94.554,0
SKRLFIHAFKGFFWGD,98.332,0
SLRMIVKAFKGYFWGE,94.894,0
SAVLIIYMFKGAEISE,104.543,0
DEEIKQIKLPESKPSE,96.497,0
QKQLFVVPFKGYYVSD,94.418,0
SPTLYYKAFVGYYVGE,106.712,0
SSKLVIKTNKGQYVSE,76.614,1
RDEVHYIRIPESQPSE,105.324,0
PDDVSTVAQPESIPSA,104.603,0
PDEIKKVPVPPSYPSE,88.508,1
SERLIMKLYKYMYWGE,90.538,1
PDDIESDKRPEYLPAS,101.831,0
QPSLKINPFVGADIGE,94.446,0
DTIMYVIAFKGAYWSD,76.917,1
RSEMKYLSVPERKPSE,101.926,0
SADLKAIPGVGSDIFD,87.714,1
LDEVKEIRLPLDVPSE,100.128,0
TIVPDVNPFKGERYYE,83.519,1
NSEMLKKYRPLQFPGE,93.532,1
EEEVSAIYQPTQEPSE,104.401,0
EPKPKYEVNKGYYIGE,73.218,1
IDNTQYVGHPTDEPSE,95.218,0
SDQLYVVPNRGAYFSK,91.759,1
LKILVLKINKGYYYTE,98.62,0
PDEIKVIRQPTSLPSE,94.402,0
PDDTKLIHIPPSYPSS,94.812,0
ESKPKTKAFKGMYYGE,91.22,1
QPTYKFKAFKGMYVGE,85.62,1
QEVLVIIPFVGIFYGE,73.432,1
QETLIYKAFVGYYFGP,100.906,0
NKLIHQIHLPQYQPSD,94.288,0
SDVFKVVPFVGAYIGP,85.408,1
SSHEKLIPLVGSSVGE,71.824,1
PDDMKKITNPESKPSE,96.547,0
PDDSSTYPNPPHTPSS,106.903,0
EKRLKVIPGVGAFIGD,91.665,1
QEYTKYKKDRGTYMGE,86.524,1
TIIVEMKLNIGYRLTS,117.603,0
EDQLYINPFVGLYFGP,95.952,0
EIRLYSKKDVGSYVGP,74.478,1
PDNTSTTSNPDWEPSE,95.934,0
QPTLYIIPFVGYYVGE,69.422,1
ETRLFIIPFVGYYEGD,84.394,1
PDDAKYYPYPPSVPAD,136.596,0
QLYMVIIPGVGYYMTK,123.29,0
PDELKKLSNPETKPSE,93.872,1
NEEIQDIRYSMYKPSE,99.607,0
ERRPKFIPFVGYFVGE,75.782,1
HKRMVIKLYRGFYMSD,109.094,0
PDNVQYTSNPESVPSE,96.693,0
PEEVSKITNPQFLPSS,92.277,1
PEDIKSIIQLPSYPSY,93.642,1
DPVMKLHVNKGFEIGE,88.096,1
QSFLKLYPKKGQDMAD,79.159,1
PDDAKKYKIPSMEPSE,94.9,0
PEEISKIFQPPKVPSS,105.253,0
LEELKVIYLQPKYPSY,92.779,1
SARPIMRALEGMYLGE,111.629,0
SLIMYIIAYKGYEVSE,113.607,0
SEALYTETNKGYYIGE,110.652,0
PHDMKTIFQDAFVPSE,93.24,1
SLRLIIVPHVGAYMGE,93.729,1
SDQLYVIPLVGAETRS,78.967,1
SLQLYVVIDRGFYWSS,108.194,0
PEETKKVSLPSDEPSE,96.981,0
QIFQYSIPGKGSYWGP,85.645,1
LEEIKYIPSSHWYPSE,95.369,0
LDEAKYIILLLLRPGE,123.709,0
QAYYVINPWKGMYIGE,85.641,1
TKVPVMKINKGYYLTD,111.219,0
EIVMYQIPDKGYYFGE,93.843,1
QPVLILVPHKGFYFGE,96.293,0
KPVLKINPFKGYFIGE,81.787,1
EAQLKINAFKGISWGE,81.292,1
QDRLFINPFKGYYVSK,87.684,1
QKVVLWLKDIGSKMGD,72.124,1
MPVLNRKAFIGENPYE,116.442,0
PDNTSEIPVPESLPSE,89.121,1
MKIMRIKPNIGYSIGD,127.731,0
MNLLLVKINRGYSYGD,113.345,0
QSVLRAKLNRGTYWGD,114.951,0
PDDIHSTSTPEGKPGS,85.87,1
DKRIEIIKGHGYRITD,163.911,0
QKREFIKLNRGSYVTD,76.254,1
EIRFYFKPFCGYYVGE,85.358,1
KLIPVTYAFKGMYLGE,89.116,1
PKDVKIIKQSESYPSS,90.266,1
SDQLVIIPNVGSFWTR,111.22,0
EKKTYFIPFVGYYDAE,74.583,1
PDDIHRFSHPTSKPSS,98.07,0
PDDISSLSQPTTVPAS,97.287,0
SDTLVKAINKGVYWGK,98.194,0
PEEIHKIKLPESKPSE,93.141,1
SKVLVIITNRGAEYRE,87.361,1
QEVLKFIPGVGAFFGP,78.918,1
QPTLIVIPFVGIYFGE,70.233,1
QIVLKIKPHVGQYYGP,85.123,1
PDEIKKIIVPESLPMS,100.409,0
PEELKILRQLSSYPPT,106.197,0
QLTLYFNPFKGFYLGP,70.461,1
SAVLRIKMFKGATFSE,100.039,0
QKVFYLNPFKGYYFGD,91.461,1
DLIMVIKAFRGYYITE,105.409,0
PENISQVPQSPQLPSE,91.051,1
SDVPKEIKKVGYYLGE,85.358,1
QPTLRFIPFVGQYIGQ,82.797,1
PDDVKVMKYPNHKPSE,96.492,0
SKVLIIYAFKGYYVGE,95.342,0
PDEIKKIGQPDAEPSE,90.871,1
ENEFTQQTDPPSVPGW,79.064,1
DTQLVIIPNVGAYYSD,87.302,1
SEKYVINPHKGMYVGE,71.269,1
SEDITKTSNPQYLPSE,101.948,0
ILVMRAKAFVGFSVSE,115.104,0
QPDLKILAFKGLYYDE,101.553,0
GEDLKVIYQPSGEPGD,85.861,1
PDNVHRDTHLPYEPSE,105.92,0
QLYVYLLLHRGSYVTE,99.633,0
SEEMKQLSNSDLVPSY,80.908,1
QPRLIIIPHKGMYMGE,75.475,1
SEEISIIYYPLYLPSE,95.158,0
SKRWVIYPFKGIRIED,75.763,1
SSTLKTEAFKGFYWGE,80.897,1
SEDIHRIPVPPSVPAE,85.549,1
PEDIHNLYQMPSYPGS,98.408,0
QDRLFMKYGVGYYISK,108.313,0
QKQIYVNQFKGWYIGD,95.728,0
RYEIHEVKFDQKLPGE,94.353,0
SEKIYTYMFKGAEIRE,86.362,1
LEQIKTIHIPEELPGS,106.315,0
PKDIHKVGQWLEYPGS,85.484,1
SATLIIIPFVGAFMGE,92.449,1
DKALYVKPFIGQSWSD,74.614,1
EEEIYETSVPEYEPGS,85.403,1
QTKQYFIPFVGSYLAD,86.819,1
QKIMYMNPFKGYFMSD,99.728,0
PEDKKNVTNPNRVPGE,98.573,0
SDVMVVYILKGAYIGK,103.238,0
DLVLIIIPFVGIYYGE,76.316,1
SEEVTQITQPSKEPGS,85.891,1
QPVIKINPFKGMSIGE,94.909,0
STRLIVNPWKGAYFGE,79.616,1
AEDIKTITNPPLVPAS,87.484,1
SEKDYFEAFKGYFRGE,84.602,1
ETKLKTYILKGSEWGE,87.195,1
PKDVSKIPVPPSYPSE,100.696,0
SKTWIIIPWVGVYLGE,86.101,1
PEETQKIFNPESVPSE,93.433,1
EEEVKKIIFLPSYPGS,90.892,1
PEEVKRIPSPPSLPSE,91.981,1
MKQMYVKAFVGYEVGD,81.93,1
QDTLVVKLGKGSYMGK,106.389,0
SKKLVIIPNVGSYWTD,114.97,0
EEEIKQYLNLESYDSK,99.123,0
QKRLIHKPWVGYFFGD,92.56,1
PDEIKKIKQSDHEPSS,98.198,0
DTVLKVIPFVGRYYGP,111.206,0
PDDMKRKPNPAYEPSS,106.849,0
SDRWEWKPFVGYRIVR,93.861,1
TDNLKTYSQPTVTPAS,100.339,0
EKQLKVLILKGAYLGE,102.049,0
SETLIIYIGKGAYVGE,79.201,1
QPTIKFNINKGYFVGE,80.055,1
QPYFLLYPHKGYNVGE,69.779,1
PYDLKKIPNPPSVPAD,92.522,1
KVVTKRIMFVGQDDSE,98.896,0
SAVPVIIPFVGMFLYE,79.607,1
ADNARLILDSQDRPSE,87.276,1
SLVPKLQPGVGMYLGE,99.192,0
VLIIIRIKDKGEELFE,79.891,1
LKYVHYILIPAYKPGD,89.56,1
DEEIYVIYQPEKLPSS,96.813,0
PDDTTKLSFPTDTPSE,108.128,0
PDEIKKIKHPSSSPSY,103.706,0
SEEMKIIYHPDQLPGS,91.002,1
PEDIKKVTYPSDLPGE,90.325,1
LNELKIIFQPPSEPSE,89.609,1
PDDTKLIKVLPSYPSS,93.528,1
DPKLIVYAFKGYDVGE,85.962,1
QATLKYKAFVGWSISE,83.731,1
PNDLRKITNPDKPPGE,97.411,0
DERFKFKPFRGYTQGP,78.218,1
PDDIKTVYQPDDVPSE,98.651,0
RDEMKVLSIPTEEPSE,99.259,0
SDNIHYLDFAPQYPSS,87.227,1
PEEVKKVKQPEYEPGS,87.765,1
QETLKINPHKGMFIGP,69.204,1
SAKLFMKKDIGYSIFE,91.119,1
SSKMYIIANKGAYIGD,116.124,0
SSTDIFIKDVGMFKGD,86.788,1
DKRMVIIPFKGYYITD,104.221,0
SAVLKYKAFVGYYMGE,86.211,1
DNEQLLEFLPPSIPSE,102.401,0
LEEEKRPVVPPEKPGS,104.008,0
QKRLVLKMFKGEYYTD,102.736,0
DEEVSQLPSLQSYPSE,90.023,1
PDDIKRVSNPPSVPSE,78.732,1
LEEVKYVPVPPSVPAE,96.638,0
DKRLVIIPFVGIFYSD,81.288,1
LHDMKTIYQPDQIPAY,94.25,0
DKRMYIMAFRGYFMSD,85.797,1
SEKLYRKDFRGEYISE,106.583,0
DDEKEQRSIPYFEPSL,96.513,0
SEEISQINQPPRVPAE,99.134,0
SLTVYFEAFKGMYLGD,110.195,0
SEEAKQIHHPEKKPGS,100.155,0
EEEKKLVLYPSDVPSE,115.774,0
VKEVSKIFFPPDVPSY,82.955,1
QSVLIVEAFKGMYYGD,92.899,1
QKRVFMKTNISYYFSD,100.936,0
RDETQYIPQSPTQPGE,83.491,1
QAYMKMKLNIGYFIGE,83.057,1
EAKWKIEAFKGMDLGE,109.168,0
LDEIKIIYIPETEPSY,97.498,0
SKKLVMILNRGYYYGE,89.464,1
DKTLKQYINKGQSITE,83.016,1
PDEIKKIPSSPSYPSE,104.73,0
PEDIKKIKQPDVVPSS,101.689,0
QKYLKVRKDIGEYMGE,84.596,1
QKRMDEKTNQGYSFTD,111.202,0
LPLAKAKAFVGYYMGE,89.398,1
DPTLKLNPFVGAYYGE,80.237,1
TEEIHLLSVPSQVPSE,101.853,0
SAVLVVYAFKGQYFGE,91.18,1
SKRIELKPNYGSKLTD,88.364,1
PDEIKKVTNPEDIPSE,94.253,0
TEEIKLITHPSWEPSE,96.919,0
DKVPYWLMFKGMYYSD,100.497,0
SDVLHMKLNLGAYWGP,81.835,1
QEQIKIYYWKGYEIGE,87.349,1
LEEMSEKRYPQSLPSS,94.066,0
PDDTQLVKHQPSYPSE,91.314,1
QPVEKWKAFKGYFVGE,77.117,1
DEELKYLTNPDGIPSD,98.061,0
SEEIKIIFLPPRPPGD,90.919,1
PDDVKNIYFSPSYPSE,110.342,0
QATLKMKAFKGYYMGE,90.464,1
TEEIKEIRLLPSYPGS,87.51,1
QPVLKVNPFKGYYIGE,78.866,1
SETLKVKILKGASVGE,115.208,0
TKDTSTVFFPPNVPSS,97.013,0
PEDVHKIIFSESQPSY,94.046,0
EKEFKKIPWAKQYPSE,92.097,1
PDNTKYVPFPPSEPSD,88.247,1
QPTWIIIPNKGMYVGE,83.127,1
SDDTKVIKLSDRTSGS,98.291,0
PDDISYLKIPPYEPGD,85.059,1
SKRLFTEAFKGQYVSD,79.533,1
LYELKVPSHPPSKPSE,93.486,1
PDLARESRQPPSLPGS,101.69,0
PDGVHTLNVQPSLPGS,98.716,0
SDRLFINPFKGYYVSK,82.511,1
AQEIAQLYLLPQVPSY,137.012,0
QKRTILKLNKGAIYGD,87.049,1
SAVLKTYTHKGAEIGE,96.904,0
EKEVKVIVLDHKVPSD,92.442,1
DPTLIIIPGKGMYFGE,72.966,1
QPDHIIIPFKGSYVGE,80.929,1
SKVMYINPWKGYYINE,70.594,1
SSVPYINYAKGSYVSD,99.191,0
STYIQVYMNRGYSEVP,116.26,0
PENISQLSVPTTVPSY,95.653,0
TDELKEYHVDEEYPSE,100.239,0
LNILYLKPGKGSYEGE,91.808,1
SDQLVVYTNRGAYIGK,83.413,1
EEEVKQIFFSAKYPSE,91.948,1
DPVLVVNPFVGAYIGE,106.459,0
SDQLYIIPFVGQYIGP,80.587,1
EVTIKMILGKGASPGE,93.907,1
QKRMEYRINKGYDITE,92.583,1
PEDIKTIYQPDAEPSE,96.927,0
EEEIYILYQPKSLPSE,97.936,0
STKLIVIPFVGAYYGE,71.69,1
PKDIKYIKNPESVPAD,89.862,1
LEEVKEIKQSESYPSS,95.265,0
PDNVHYIPSPPSDLSS,97.434,0
PENISTLNRLPSLPQS,93.529,1
PEEIQKLFFLSSYPSS,99.709,0
SKVWYVIPGVGAYLGE,103.024,0
KDDASVDSYPKSVPGS,111.245,0
PEDVKSIYVPESWDGE,87.922,1
PDNVSVHFLPPSLPSE,112.008,0
PDDVLKIPVASLRPSE,111.782,0
SEDTSQLSLPTSLPSE,101.559,0
NEEISKIKQPPSYPSS,107.717,0
KEDIHSILQPAFLPSE,106.709,0
SSKLIIIPFQGSYYGE,82.898,1
PDDTKYIKVLPSYPPS,85.39,1
STQLKTEAFKGMSLGE,133.749,0
PEDIHTIYHSDSVPSE,92.336,1
QPVWLIIAHKGVYLGE,84.962,1
DDKLVIIPGVGAYVTK,93.422,1
IAQPDVKAFIGMTMRE,103.411,0
IDDISSLLDDDVVPSS,94.748,0
QLKPIIVPHVGVYIGE,159.234,0
SSESAKLSQLPYIPSE,91.446,1
HEEMKYLYFPEEVPSY,100.85,0
DLIPYLNAFKGMELRE,108.096,0
QETLKINPFKGYFVGE,72.295,1
SKKPKVIPWKGTYFSD,80.081,1
SPYLQIHPWKGSEITD,69.973,1
EHLLILYYHKGAFITE,93.071,1
SATIIWIPFVGYYIGE,97.117,0
EHELKAIFQPSSLPSE,98.429,0
PEDIKSIGQPDAEPGD,94.534,0
QLVLIVNAFKGMYIGS,89.753,1
SSTMVVVPFKGMYVGY,91.5,1
PDDARLVKFLPSYPSE,92.859,1
ESEVKEIKLDDDVPSE,94.63,0
ILILYIKQDKGSFVGD,104.69,0
DIILFYIAFKGYYESE,87.371,1
EPKPKYKTGKGSFVGE,88.46,1
QEVLKIKTNKGQSVGP,90.333,1
RSEMHTSKDTTDKPGD,97.473,0
EDEQQTIRYPTLRPGF,98.905,0
EEEVHELHLLPSYPSE,94.392,0
SAVFKMKAFKGYSIGE,94.889,0
RDEINQLHLPPTEPGE,99.996,0
ELRLKINPFKGMSMSE,82.003,1
QPVWKLIPHKGMYVGE,92.278,1
NELVSYITNPDAEPSE,96.576,0
EPKPKMKLNIGYSMGE,83.139,1
PKDMKQIKHPEWLPGS,100.473,0
SELIKYIFHPDKIPGS,103.338,0
EHETSQIFQWDRYPSE,91.392,1
SPTLIVYPWKGYYFGE,75.462,1
PDETKKITNPSKKPSE,96.178,0
SKTLIVNPWKGLYFGE,78.945,1
KENISAIFFNADVPAY,108.934,0
NDEITLIFYPNHEPSL,99.836,0
PENTSYIEQSSYYEPS,99.583,0
QEEIKYIYFPESLPSE,92.292,1
EPKLKVNMFKGAYFGE,84.17,1
QPYLIIVPYKGTYYGE,77.876,1
GEEIYYLSNPDKEPRY,99.922,0
PDETKKIKQSSKEPSE,104.812,0
LKIQEIKAFVGETTTE,115.208,0
PEDIKRISNPSSEPSY,97.218,0
STKLVVYAFKGMYIGE,96.564,0
ADDIHYIYKDLLLPQH,95.703,0
PDDLKTIKFLPSYPSS,111.89,0
DEEIQKIKKDDTKPGE,100.382,0
QPKWKIYPFKGMELGE,82.814,1
SLYLYVNPFKGSYVSE,98.839,0
QKYLKAKLNLGMYLGP,89.332,1
SLRLVLYPWKGLFWTD,97.899,0
PDDLKKQKNPPSPPSY,110.78,0
SKTLVIIPFVGFFIGD,72.992,1
EKRLVILKDVGSRIED,131.653,0
PEKISYILFTASVPMY,99.628,0
STVMYIIPFVGYEHTE,80.548,1
SDEMKQLSLLTAYPSE,89.355,1
STKWIWYAFKGYVLTD,105.645,0
SAQDYYRKDQGSFKSE,75.102,1
PDDVSKIKFPSSEPSS,98.093,0
QKQLYIEIFKGWYIGD,107.533,0
PENLKDPKYLQYYPSE,97.68,0
QAVIKMKLNIGYFLGE,92.042,1
EAKMYMRTNQGYDIHE,83.025,1
HSVLYIKAFIGYSEGP,115.173,0
DEEVQTITIPDRLPSE,98.406,0
NDEISEIKYPVEPLSY,96.367,0
SPDWYIVPFVGLYLYE,82.262,1
SAQLVVKPFKGMYWSD,77.902,1
ENKLKLKAFVGYTYGP,94.176,0
EEKLYININKGYYFGE,87.613,1
QTTLYVKTNKGMFYGD,82.581,1
PEDLRRFSFPTYKPSE,99.435,0
QPKLYQKINKGSDIFE,108.056,0
DEEISQILFDHKLPSS,106.43,0
PKDVSKYFFSDSVPSS,103.767,0
LDEMKEIKQPDTEPSE,110.969,0
QETWKIEVNKGFFFGE,105.57,0
TEEVSAIFDGPSLPMS,101.723,0
QPTIVVNPNKGMYVGE,86.138,1
SDEVKGVPQPPIYPSE,88.896,1
DEEMKIIFVLERYPSE,94.876,0
EPQPKLILGVGTTVAE,102.359,0
DLRFIYIPFVGMFMGP,100.242,0
DLVPKTVPGVGIFLGE,80.774,1
PEDLKRISQPVTTPSY,96.359,0
SPVEKWVPFVGYSVGE,79.236,1
TLVMYAKAFKGFYISD,110.764,0
QEEISKIPWAPRYASE,90.369,1
SPVLKVNPFRGADIGE,83.806,1
EEDVKLIKIPPSVPGS,99.488,0
PKDIKYLPFAPQYPSE,84.511,1
PDEISRILNPPVYPSE,90.819,1
PEEIKKIKFLKSIPGS,101.295,0
PEDVQRITNPDKEPSY,102.708,0
EPQPQAIPNVGAWISE,82.745,1
SDVLYVKAFKGMYFGK,84.566,1
NEELKVIKLSESSPSY,97.703,0
QKPIKIYYWKGYEIGD,83.399,1
ELRIYFIPFVGYYVSD,81.868,1
LEKISQLLFDAVVPAS,114.929,0
STRLFIIPFVGMYLGE,81.855,1
REEVSTIKFLPSYPSE,101.802,0
STVLKINPFKGYSLGE,98.514,0
TTVAKIKLDRGESYGE,92.876,1
QETLKINPFKGTSVGE,104.113,0
PDEAYYLKYLPQSPSE,137.02,0
SEEISKIKVLPSYPSE,86.523,1
DEEAMILYYPPSSESY,104.013,0
PDNTKYVPVPPSIPSE,87.994,1
QPDIKIEPNKGMYIGE,68.077,1
PEDIHNVSYPPGVPAS,86.444,1
DIIPIIIPNKGMYYSE,98.273,0
SDEIKYVKVLPSMPGD,94.479,0
KPIPKTWAFKTFELGE,77.483,1
RSEAHEIRFLPYYPME,105.627,0
PEDTKKIPNPPSQPSE,87.378,1
SDEVHVLLYPPSIPGS,94.324,0
NDEIHYLFIPPSIPAS,122.127,0
SSQLYVKPFKGMSWSD,108.792,0
LLVLYVKQDKGSYWDE,84.896,1
QDVPTFDPFKGERMTK,83.616,1
SKVLKVKAFVGASIGE,95.451,0
QPVLIIYPFKGITYGE,79.275,1
TEEIKKIYIPPSQPSS,87.662,1
ETRWYWYAFKGYEVRE,97.525,0
QPTLKVNTNRGADISE,93.892,1
ETRLYVNPFYGAYVGE,86.464,1
PDEISKVFNPDRPPGD,89.156,1
PDDTSQIKHLPSYPSS,92.589,1
PDNQSIKPFPWTYPGD,103.356,0
SDKWKIVPFVGMDLTK,96.795,0
LEEIKTISDSEVKPSE,100.437,0
GDEIEVLIFLWSYPGD,96.532,0
PEDIKNLYNPTAEPSY,94.148,0
ETKLYIIPFVGMEYRE,101.355,0
PEEISKIKFLPSYPSE,86.854,1
GEDIQIIKQLSSYPSS,98.103,0
PDDIKTVYHLPSYPAS,103.788,0
PDDVSKVKNPEYEPSS,91.565,1
TPTYFLKYNVGAFYGD,150.504,0
PEDIHTIYQSESYPGS,88.772,1
PEEVSKVFFPPYIPSV,106.485,0
SAQLYIIPGVGIYWSE,87.263,1
PDDIHSTSVPTQEPSE,104.875,0
EKKWIINPWKGMYMGE,104.482,0
EYELKRLELPEQKPSE,101.666,0
QSTDIQNTNKGMSISD,121.809,0
PDDLKTLSIPDSKPGD,91.941,1
PDDIKSIYQPSDVPSE,87.055,1
KDEIKLLPYAPQYPSE,97.368,0
QKYPKMKLNLGYSFSE,81.305,1
PDDTSQIKQTQEKPGD,75.94,1
SAIPRVIPFVGTDLRE,95.748,0
DEEIHRLQQPPSLPSE,97.924,0
PEDLKSISYPEFEPSE,102.387,0
DEVWKYKPFVGFSIGE,71.643,1
DPVLKVNPFKGQFYGE,70.168,1
PEDLKRIPVPPFLPSE,91.837,1
SKTLFFKAFVGIYWGE,82.67,1
LEEVSRLSFPSSEPGD,90.148,1
PEEIKKIKQPLDRPGD,93.541,1
QKYLVIHAFKGIYYGY,83.422,1
EEEIKFIKQPENVPGD,98.463,0
PEEIKKIKQPESLPSS,90.024,1
PDEVQKTFQSDSYPSS,98.543,0
PDDARYVKVPSSLPSE,89.354,1
SLKIVLYPWKGLYISE,107.273,0
SDRLVVIPFVGIYYSK,66.564,1
PKDIKLIKQLPSYPSE,105.107,0
PDSLKIISNPSDSPAE,99.877,0
PEDVSVIKFLPSYPGS,87.163,1
SARWYIYPWKGMELRE,97.259,0
KDEILRKYNPPSAPSE,112.927,0
DEEIKEIKQSLSYPSE,95.638,0
PEEIKKITQPDDKPSE,87.26,1
QKIAKQNAFKGTYVGD,92.806,1
EDELKYVFFLPSTPSE,90.009,1
EKKLYTIPFVGASYRE,81.731,1
QPTMFIEAFKGWYIGE,89.972,1
QTTWKINPFKGMDLTD,99.667,0
PDEIKKIYQPTDVPAE,95.718,0
DEEVSYIPQPPLRPSS,99.061,0
PEDIKRIPVPPSYPSE,97.221,0
SKKLYMRTNQGYYWGD,90.078,1
SVKLIIIPGRGMFYAE,99.981,0
STVPYLNPWKGFYFGE,81.859,1
PDDIKSVHKSQRKPGE,101.666,0
QPVLKYEAFKGQSVGE,79.47,1
PDDRLKIIQLPSYPGS,90.885,1
EDEMKKQFNTDEKPSE,102.927,0
ELKLYIIPFVGYYVSE,86.414,1
KIVLIIIVNVGIYYGE,86.315,1
EKRLKIKPYIGYYFGD,89.345,1
RDDTKELSTPPSVPAS,95.56,0
SATLKINPWKGYSVGD,78.251,1
ILRMVEKNNKGYYVTE,122.77,0
PEDLKKIIFKESYPSE,107.68,0
EEEVYYIPSPKNVPAS,106.154,0
LEEIHKLFNPPRKPSY,107.233,0
PDDMDYKKDLPLYPSE,110.89,0
KEEVSTILKDDDYPSE,102.722,0
SDVLKINPHKGQFVGP,79.984,1
PEDLKSIYVDDEVPSE,94.582,0
QKRLIIIPNRGAFFGD,110.614,0
QLTIYIIPWVGIFWGP,100.745,0
SLQLIIIPFKGYYVSE,98.116,0
ELEVQQIKQSESYPSY,108.809,0
SEVLRVIPNVGMFIGP,89.614,1
SAQLVIVPGVGADYYE,86.464,1
EKKFILNPWKGYYMGE,126.433,0
PDNVSQIPFLPSYPGE,105.675,0
PEEIYYITNPPKKPAY,102.429,0
MDVQYIKAFVGSYVGK,108.807,0
MAFLYIVLGKYSDLHE,94.07,0
SAVLKYKPFKGYYMGE,84.347,1
TKELKDISIPTSLPSE,86.936,1
PDDIHSIYQSESYPSS,107.513,0
DEEIYVIPQPPVFPSE,99.698,0
YEDMRKILFNDNVPHS,109.626,0
SAVLKVNPWKGVFIGE,89.699,1
QLIMDMKAFRGYTIYE,109.543,0
QEYYVYYPYKGERIGP,84.928,1
PDDAHYLKQPTSLPGE,93.842,1
PEEVSKIIVSESYPSE,96.635,0
DKEAYVSEFPTSLPAE,118.658,0
SEETKQVFIPELVPSF,89.166,1
PEDIKSLNQSPSTPSD,103.121,0
SKKLIIIPWVGVYYGD,86.235,1
WEDVKSLYNPDLVPGS,82.448,1
EPKLKLNPWKGASIGE,72.831,1
AEEVKKIFNPTSKPGE,98.974,0
EHETSTIPVPPEPPKS,95.146,0
QTELKIIPFVGIYWGD,96.901,0
PDDLKTIVVPPSKPSE,94.558,0
SETLVILPNKGIYIGE,76.356,1
DKILYYKAFIGYYVSD,89.719,1
RDEANVSTDPPLVPAS,106.518,0
SLELKVIPFVGIYVSS,72.095,1
NSEADYFNFPPSVPST,120.212,0
SKKIVLYINKGEEIRD,77.492,1
QKRLIVLCNVGYYMSD,89.905,1
EEEISKLFQPESEPGD,88.342,1
LTIPVIKLNLGMYEED,89.13,1
SATLYFKAFVGMEKRE,74.752,1
SSKFVLYPFKGYYEGE,81.041,1
PKDIQYVPVPPSKPGE,90.327,1
PEDIHSIYIPDSIPGS,94.426,0
DARMIVIPWRGYYWGE,87.798,1
STTLFINALVGAYIGE,122.741,0
SLRLEVIPFVGIRVTD,82.68,1
QVVLKVRAFEGAYIGE,89.946,1
SSSWYFIPHKGYYLSD,77.024,1
DPKVKMIPGVGYFVGE,80.674,1
PDDTRRFSYPTSEPSE,99.947,0
QETLKIEAFKGWSIGE,83.229,1
PDDIKSINNPKSVPAD,97.969,0
PDEVKKIKQPESEPSE,102.366,0
GSEINERSDPQSKPGS,90.75,1
PEEVSKIKQSESYPGS,88.504,1
PDDVKSTSNPDKVPSS,95.244,0
DEVYLMNAFKGSFLTK,103.401,0
PDDTRSIPLMNSRPSE,93.869,1
SQDTSQIKQDEDEPSS,94.487,0
EPQFKYKAFVGYFIGE,80.642,1
PPESSQRSNPPSVPAS,118.04,0
SEQVFFKAWVGMYTGE,106.599,0
QKHLKVIMFVGASFTD,89.793,1
LEEMKVLSIPSKVPGD,87.023,1
DITLVIIPFVGIYYGP,70.757,1
QPKPKMIPFVGFFMGE,70.156,1
QKQLYIYAFKGQYISD,103.353,0
SDRLVIYAFKGYRWDK,86.769,1
STKLYILPNKGAYLAE,84.824,1
ETRMYMKAFVGYYVGE,79.74,1
DEEKKRISNPESEPSE,95.287,0
MLKIYMKLNIGYYVTE,98.729,0
PDDTSQVHFDSNLPGE,106.428,0
STQLFLKEFVGYELRE,107.052,0
SEVLVIYPFKGMYIGE,86.351,1
PENIHVIPIPSSKPGD,86.547,1
PEDMSKIPNPESVPSY,92.668,1
EHEFKYLSEPQSKPSE,114.549,0
PEDVKSIYQLESYPSY,90.175,1
SAKPIIIPFVGMYYGE,79.244,1
PDDVQYIKIPPSSPSY,102.714,0
PEEVKKIKQPPSEPSE,90.425,1
TEDISVIEFPPYTPGS,99.065,0
PEEIQKIKQEEGKPSS,96.359,0
PDEIHIIRTRESYPSE,91.038,1
SATWVIIPFVGIFMGE,78.313,1
EHEISTIPIPPSVPAD,96.223,0
DRKLVIHPNKGFYIGP,78.501,1
QKYMYYEAFKGYYISD,75.561,1
SEVLRFIAFKGYSVGP,96.562,0
SDIMKIKPNIGESQGY,107.334,0
KYEIEIFFLPTIEPSE,97.05,0
PEEISKYIFHEILPSE,94.323,0
PEETKKVSVPTQEPSE,97.254,0
PDDIHHVYQLPSYPSE,90.604,1
SATLYMRHNEGYYMGE,104.713,0
SEKMVIYPNKGAHLGE,101.848,0
LAIPLLKKDVGSELSE,78.847,1
EYEMKVITIPPDLPTY,86.118,1
PEDIQKIKVPPSYPSE,91.684,1
QEKPKVILGVGASTGP,89.703,1
SETFVVIPFVGMYMGE,81.872,1
PEDIKRISFSESYPGS,95.734,0
PKDVSQIKLPPSKPGS,90.711,1
LEEISKIFVPPSIPAS,98.607,0
SDEEKIVYYPTWLPSE,121.423,0
KHEIKEIHLLPSYPSY,90.703,1
SDEVSQISNPTAIPSE,93.446,1
PDEISKIIQSESYPGS,101.185,0
ISVLYFKTNRGQYVSS,120.726,0
AEDVRSISNPTAEPGD,96.208,0
EPQPKVKAFKGMFWGE,87.255,1
SAKLYIIPFVGIYISE,77.193,1
SKRIEVIPGVGARTTD,100.105,0
SATEKVEPHKGVYVGE,73.891,1
PEDISRMPIVKAYPAY,98.576,0
SEVLKMILGKGYDWGE,76.715,1
DLRLFVIPFVGQFYGP,81.295,1
DDEVHYITNPSKKPGS,98.521,0
